{"proof_search/time":2247.226275205612,"_timestamp":1.7671953561092107e+09,"_wandb":{"runtime":3460},"_runtime":3460,"_step":3,"proof_search/success":false,"proof_search/steps":1}