{"_runtime":1993,"_timestamp":1.7684969175194883e+09,"_step":15,"proof_search/success":false,"proof_search/steps":1,"proof_search/time":23.3165762424469,"_wandb":{"runtime":1993}}