{"proof_search/time":2520.901679992676,"_timestamp":1.7678796163659008e+09,"_step":16,"proof_search/success":false,"proof_search/steps":2,"_wandb":{"runtime":3801},"_runtime":3801}