{"proof_search/steps":2,"_wandb":{"runtime":1684},"_runtime":1684,"proof_search/time":13.27036428451538,"_timestamp":1.7626149047788846e+09,"_step":31,"proof_search/success":true}