{"proof_search/steps":2,"proof_search/time":999.8046977519989,"_wandb":{"runtime":6064},"_runtime":6064,"_timestamp":1.7677140571482935e+09,"_step":24,"proof_search/success":true}