{"proof_search/success":false,"proof_search/steps":1,"proof_search/time":1226.9183480739594,"_timestamp":1.767528573666575e+09,"_wandb":{"runtime":13117},"_runtime":13117,"_step":42}