{"proof_search/success":true,"proof_search/steps":2,"proof_search/time":79.87362575531006,"_timestamp":1.7684930886455493e+09,"_step":21,"_runtime":2371,"_wandb":{"runtime":2371}}