{"proof_search/steps":2,"proof_search/time":13.43149209022522,"_wandb":{"runtime":1778},"_runtime":1778,"_timestamp":1.762866959288176e+09,"_step":31,"proof_search/success":true}