{"_step":31,"proof_search/success":true,"proof_search/steps":2,"proof_search/time":13.364924430847168,"_wandb":{"runtime":1810},"_runtime":1810,"_timestamp":1.762769736847557e+09}