{"_step":87,"_wandb":{"runtime":4102},"_runtime":4102,"proof_search/success":false,"proof_search/steps":1,"proof_search/time":5.968888521194458,"_timestamp":1.763816456615931e+09}