{"_timestamp":1.7628701257381604e+09,"_step":31,"proof_search/success":true,"proof_search/steps":2,"_wandb":{"runtime":1671},"_runtime":1671,"proof_search/time":12.91409707069397}