{"proof_search/success":false,"proof_search/steps":1,"_wandb":{"runtime":413},"_runtime":413,"proof_search/time":27.843492031097412,"_timestamp":1.7685036919906685e+09,"_step":27}