{"proof_search/time":1348.0758337974548,"_timestamp":1.7678866391364412e+09,"_step":14,"proof_search/success":false,"proof_search/steps":1,"_wandb":{"runtime":3945},"_runtime":3945}