{"proof_search/time":7.709661245346069,"_timestamp":1.7632176594749792e+09,"_step":61,"proof_search/success":false,"_runtime":3228,"_wandb":{"runtime":3228},"proof_search/steps":1}