{"proof_search/steps":2,"proof_search/time":13.02110767364502,"_runtime":1751,"_wandb":{"runtime":1751},"_timestamp":1.7627728291963925e+09,"_step":31,"proof_search/success":true}