{"proof_search/success":true,"proof_search/steps":1,"proof_search/time":69.94471597671509,"_timestamp":1.7676272665322955e+09,"_step":33,"_wandb":{"runtime":12150},"_runtime":12150}