{"value_head/avg_target":-0.6666666666666666,"proof_search/time":148.86762857437134,"value_head/positive_samples":6,"value_head/avg_loss":0.9767367243766785,"_wandb":{"runtime":3475},"_step":57,"value_head/negative_samples":30,"_timestamp":1.7684158437193973e+09,"proof_search/success":true,"proof_search/steps":1,"value_head/avg_mcts_value":-0.6388888888888888,"value_head/training_samples":12,"_runtime":3475}