{
  "euclidean_mcts": {
    "light": {
      "mean": 0.16666666666666666,
      "std": 0.0,
      "per_seed": [
        0.16666666666666666
      ]
    }
  },
  "hyperbolic_mcts": {
    "light": {
      "mean": 0.125,
      "std": 0.0,
      "per_seed": [
        0.125
      ]
    }
  },
  "hyperbolic_ppo": {
    "light": {
      "mean": 0.08333333333333333,
      "std": 0.0,
      "per_seed": [
        0.08333333333333333
      ]
    }
  },
  "euclidean_ppo": {
    "light": {
      "mean": 0.125,
      "std": 0.0,
      "per_seed": [
        0.125
      ]
    }
  }
}