{"_timestamp":1.7662512084924345e+09,"_step":64,"proof_search/success":false,"proof_search/steps":1,"proof_search/time":1286.8272898197174,"_wandb":{"runtime":9619},"_runtime":9619}